Library,Name,Sequence,Left Overhang,Right Overhang,Type,Resistance,Level,Vector,Composition
x,Superfolder_gfp,atgcgtaaaggcgaagagctgttcactggtgtcgtccctattctggtggaactggatggtgatgtcaacggtcataagttttccgtgcgtggcgagggtgaaggtgacgcaactaatggtaaactgacgctgaagttcatctgtactactggtaaactgccggtaccttggccgactctggtaacgacgctgacttatggtgttcagtgctttgctcgttatccggaccatatgaagcagcatgacttcttcaagtccgccatgccggaaggctatgtgcaggaacgcacgatttcctttaaggatgacggcacgtacaaaacgcgtgcggaagtgaaatttgaaggcgataccctggtaaaccgcattgagctgaaaggcattgactttaaagaagacggcaatatcctgggccataagctggaatacaattttaacagccacaatgtttacatcaccgccgataaacaaaaaaatggcattaaagcgaattttaaaattcgccacaacgtggaggatggcagcgtgcagctggctgatcactaccagcaaaacactccaatcggtgatggtcctgttctgctgccagacaatcactatctgagcacgcaaagcgttctgtctaaagatccgaacgagaaacgcgatcatatggttctgctggagttcgtaaccgcagcgggcatcacgcatggtatggatgaactgtacaaatgatga,,,reporter,,,,Superfolder_gfp|+
x,JBEI_RBS,gaattcaaaagatcttttaagaaggagatatacat,,,RBS,,,,JBEI_RBS|+
x,extra_RBS,ggggggggggggg,,,RBS,,,,extra_RBS|+
x,lacZ,agagacctgcaccatatgcggtgtgaaataccgcacagatgcgtaaggagaaaataccgcatcaggcgccattcgccattcaggctgcgcaactgttgggaagggcgatcggtgcgggcctcttcgctattacgccagctggcgaaagggggatgtgctgcaaggcgattaagttgggtaacgccagggttttcccagtcacgacgttgtaaaacgacggccagtgaattcgagctcggtacccggggatcctctagagtcgacctgcaggcatgcaagcttggcgtaatcatggtcatagctgtttcctgtgtgaaattgttatccgctcacaattccacacaacatacgagccggaagcataaagtgtaaagcctggggtgcctaatgagtgagctaactcacattaattgcgttgcgctcactgcccgctttccagtcgggaaacctgtcgtgccagctgcattaatgaatcggccaacgcgcgggggtctct,,,gene,,,,lacZ|+
x,B0015,ccaggcatcaaataaaacgaaaggctcagtcgaaagactgggcctttcgttttatctgttgtttgtcggtgaacgctctctactagagtcacactggctcaccttcgggtgggcctttctgcgtttata,,,terminator,,,,B0015|+
x,attP_Bxb1,gtcgtggtttgtctggtcaaccaccgcggtctcagtggtgtacggtacaaaccccgac,,,invertase site,,,,attP_Bxb1|+
x,attP_TP901,gcgagtttttatttcgtttatttcaattaaggtaactaaaaaaactccttt,,,invertase site,,,,attP_TP901|+
x,P7_Promoter,taattcctaatttttgttgacactctatcgttgatagagttattttaccactccctatcagtgatagagaaaa,,,promoter,,,,P7_Promoter|+
x,attB_TP901,atgccacaccaattaacatctcaatcaaggtaaatgctttttgctttttttgc,,,invertase site,,,,attB_TP901|+
x,attB_Bxb1,tcggccggcttgtcgacgacggcggtctccgtcgtcaggatcatccgggc,,,invertase site,,,,attB_Bxb1|+
x,RBS?,,,,RBS_multiplex,,,,RBS?|+
x,pSB1A2,tactagtagcggccgctgcaggcttcctcgctcactgactcgctgcgctcggtcgttcggctgcggcgagcggtatcagctcactcaaaggcggtaatacggttatccacagaatcaggggataacgcaggaaagaacatgtgagcaaaaggccagcaaaaggccaggaaccgtaaaaaggccgcgttgctggcgtttttccataggctccgcccccctgacgagcatcacaaaaatcgacgctcaagtcagaggtggcgaaacccgacaggactataaagataccaggcgtttccccctggaagctccctcgtgcgctctcctgttccgaccctgccgcttaccggatacctgtccgcctttctcccttcgggaagcgtggcgctttctcatagctcacgctgtaggtatctcagttcggtgtaggtcgttcgctccaagctgggctgtgtgcacgaaccccccgttcagcccgaccgctgcgccttatccggtaactatcgtcttgagtccaacccggtaagacacgacttatcgccactggcagcagccactggtaacaggattagcagagcgaggtatgtaggcggtgctacagagttcttgaagtggtggcctaactacggctacactagaaggacagtatttggtatctgcgctctgctgaagccagttaccttcggaaaaagagttggtagctcttgatccggcaaacaaaccaccgctggtagcggtggtttttttgtttgcaagcagcagattacgcgcagaaaaaaaggatctcaagaagatcctttgatcttttctacggggtctgacgctcagtggaacgaaaactcacgttaagggattttggtcatgagattatcaaaaaggatcttcacctagatccttttaaattaaaaatgaagttttaaatcaatctaaagtatatatgagtaaacttggtctgacagttaccaatgcttaatcagtgaggcacctatctcagcgatctgtctatttcgttcatccatagttgcctgactccccgtcgtgtagataactacgatacgggagggcttaccatctggccccagtgctgcaatgataccgcgagacccacgctcaccggctccagatttatcagcaataaaccagccagccggaagggccgagcgcagaagtggtcctgcaactttatccgcctccatccagtctattaattgttgccgggaagctagagtaagtagttcgccagttaatagtttgcgcaacgttgttgccattgctacaggcatcgtggtgtcacgctcgtcgtttggtatggcttcattcagctccggttcccaacgatcaaggcgagttacatgatcccccatgttgtgcaaaaaagcggttagctccttcggtcctccgatcgttgtcagaagtaagttggccgcagtgttatcactcatggttatggcagcactgcataattctcttactgtcatgccatccgtaagatgcttttctgtgactggtgagtactcaaccaagtcattctgagaatagtgtatgcggcgaccgagttgctcttgcccggcgtcaatacgggataataccgcgccacatagcagaactttaaaagtgctcatcattggaaaacgttcttcggggcgaaaactctcaaggatcttaccgctgttgagatccagttcgatgtaacccactcgtgcacccaactgatcttcagcatcttttactttcaccagcgtttctgggtgagcaaaaacaggaaggcaaaatgccgcaaaaaagggaataagggcgacacggaaatgttgaatactcatactcttcctttttcaatattattgaagcatttatcagggttattgtctcatgagcggatacatatttgaatgtatttagaaaaataaacaaataggggttccgcgcacatttccccgaaaagtgccacctgacgtctaagaaaccattattatcatgacattaacctataaaaataggcgtatcacgaggcagaatttcagataaaaaaaatccttagctttcgctaaggatgatttctggaattcgcggccgcttctagag,,,vector,ampicilin,,,
x,pSB1K3,tactagtagcggccgctgcagtccggcaaaaaagggcaaggtgtcaccaccctgccctttttctttaaaaccgaaaagattacttcgcgttatgcaggcttcctcgctcactgactcgctgcgctcggtcgttcggctgcggcgagcggtatcagctcactcaaaggcggtaatacggttatccacagaatcaggggataacgcaggaaagaacatgtgagcaaaaggccagcaaaaggccaggaaccgtaaaaaggccgcgttgctggcgtttttccacaggctccgcccccctgacgagcatcacaaaaatcgacgctcaagtcagaggtggcgaaacccgacaggactataaagataccaggcgtttccccctggaagctccctcgtgcgctctcctgttccgaccctgccgcttaccggatacctgtccgcctttctcccttcgggaagcgtggcgctttctcatagctcacgctgtaggtatctcagttcggtgtaggtcgttcgctccaagctgggctgtgtgcacgaaccccccgttcagcccgaccgctgcgccttatccggtaactatcgtcttgagtccaacccggtaagacacgacttatcgccactggcagcagccactggtaacaggattagcagagcgaggtatgtaggcggtgctacagagttcttgaagtggtggcctaactacggctacactagaagaacagtatttggtatctgcgctctgctgaagccagttaccttcggaaaaagagttggtagctcttgatccggcaaacaaaccaccgctggtagcggtggtttttttgtttgcaagcagcagattacgcgcagaaaaaaaggatctcaagaagatcctttgatcttttctacggggtctgacgctcagtggaacgaaaactcacgttaagggattttggtcatgagattatcaaaaaggatcttcacctagatccttttaaattaaaaatgaagttttaaatcaatctaaagtatatatgagtaaacttggtctgacagctcgagtcccgtcaagtcagcgtaatgctctgccagtgttacaaccaattaaccaattctgattagaaaaactcatcgagcatcaaatgaaactgcaatttattcatatcaggattatcaataccatatttttgaaaaagccgtttctgtaatgaaggagaaaactcaccgaggcagttccataggatggcaagatcctggtatcggtctgcgattccgactcgtccaacatcaatacaacctattaatttcccctcgtcaaaaataaggttatcaagtgagaaatcaccatgagtgacgactgaatccggtgagaatggcaaaagcttatgcatttctttccagacttgttcaacaggccagccattacgctcgtcatcaaaatcactcgcatcaaccaaaccgttattcattcgtgattgcgcctgagcgagacgaaatacgcgatcgctgttaaaaggacaattacaaacaggaatcgaatgcaaccggcgcaggaacactgccagcgcatcaacaatattttcacctgaatcaggatattcttctaatacctggaatgctgttttcccggggatcgcagtggtgagtaaccatgcatcatcaggagtacggataaaatgcttgatggtcggaagaggcataaattccgtcagccagtttagtctgaccatctcatctgtaacatcattggcaacgctacctttgccatgtttcagaaacaactctggcgcatcgggcttcccatacaatcgatagattgtcgcacctgattgcccgacattatcgcgagcccatttatacccatataaatcagcatccatgttggaatttaatcgcggcctggagcaagacgtttcccgttgaatatggctcataacaccccttgtattactgtttatgtaagcagacagttttattgttcatgatgatatatttttatcttgtgcaatgtaacatcagagattttgagacacaacgtggctttgttgaataaatcgaacttttgctgagttgaaggatcagctcgagtgccacctgacgtctaagaaaccattattatcatgacattaacctataaaaataggcgtatcacgaggcagaatttcagataaaaaaaatccttagctttcgctaaggatgatttctggaattcgcggccgcttctagag,,,vector,kanamycin,,,
x,pSB4A5,tactagtagcggccgctgcaggagtcactaagggttagttagttagattagcagaaagtcaaaagcctccgaccggaggcttttgactaaaacttcccttggggttatcattggggctcactcaaaggcggtaatcagataaaaaaaatccttagctttcgctaaggatgatttctgctagagctgtcagaccaagtttacgagctcgcttggactcctgttgatagatccagtaatgacctcagaactccatctggatttgttcagaacgctcggttgccgccgggcgttttttattggtgagaatccaagcactagggacagtaagacgggtaagcctgttgatgataccgctgccttactgggtgcattagccagtctgaatgacctgtcacgggataatccgaagtggtcagactggaaaatcagagggcaggaactgctgaacagcaaaaagtcagatagcaccacatagcagacccgccataaaacgccctgagaagcccgtgacgggcttttcttgtattatgggtagtttccttgcatgaatccataaaaggcgcctgtagtgccatttacccccattcactgccagagccgtgagcgcagcgaactgaatgtcacgaaaaagacagcgactcaggtgcctgatggtcggagacaaaaggaatattcagcgatttgcccgagcttgcgagggtgctacttaagcctttagggttttaaggtctgttttgtagaggagcaaacagcgtttgcgacatccttttgtaatactgcggaactgactaaagtagtgagttatacacagggctgggatctattctttttatctttttttattctttctttattctataaattataaccacttgaatataaacaaaaaaaacacacaaaggtctagcggaatttacagagggtctagcagaatttacaagttttccagcaaaggtctagcagaatttacagatacccacaactcaaaggaaaaggacatgtaattatcattgactagcccatctcaattggtatagtgattaaaatcacctagaccaattgagatgtatgtctgaattagttgttttcaaagcaaatgaactagcgattagtcgctatgacttaacggagcatgaaaccaagctaattttatgctgtgtggcactactcaaccccacgattgaaaaccctacaaggaaagaacggacggtatcgttcacttataaccaatacgctcagatgatgaacatcagtagggaaaatgcttatggtgtattagctaaagcaaccagagagctgatgacgagaactgtggaaatcaggaatcctttggttaaaggctttgagattttccagtggacaaactatgccaagttctcaagcgaaaaattagaattagtttttagtgaagagatattgccttatcttttccagttaaaaaaattcataaaatataatctggaacatgttaagtcttttgaaaacaaatactctatgaggatttatgagtggttattaaaagaactaacacaaaagaaaactcacaaggcaaatatagagattagccttgatgaatttaagttcatgttaatgcttgaaaataactaccatgagtttaaaaggcttaaccaatgggttttgaaaccaataagtaaagatttaaacacttacagcaatatgaaattggtggttgataagcgaggccgcccgactgatacgttgattttccaagttgaactagatagacaaatggatctcgtaaccgaacttgagaacaaccagataaaaatgaatggtgacaaaataccaacaaccattacatcagattcctacctacgtaacggactaagaaaaacactacacgatgctttaactgcaaaaattcagctcaccagttttgaggcaaaatttttgagtgacatgcaaagtaagcatgatctcaatggttcgttctcatggctcacgcaaaaacaacgaaccacactagagaacatactggctaaatacggaaggatctgaggttcttatggctcttgtatctatcagtgaagcatcaagactaacaaacaaaagtagaacaactgttcaccgttagatatcaaagggaaaactgtccatatgcacagatgaaaacggtgtaaaaaagatagatacatcagagcttttacgagtttttggtgcatttaaagctgttcaccatgaacagatcgacaatgtaactactagagctaaatacattcaaatatctatccgctcatgagacaataaccctgataaatgcttcaataatattgaaaaaggaagaatatgagtattcaacatttccgtgtcgcccttattcccttttttgcggcattttgccttcctgtttttgctcacccagaaacgctggtgaaagtaaaagatgccgaagatcagttgggtgcacgtgtgggttacatcgaactggacctcaacagcggtaagattcttgagagttttcgccccgaagaacgtttcccaatgatgagcacttttaaagttctgctctgtggcgcggtattatcccgtattgacgccgggcaagagcaactcggtcgccgcatacactattctcagaatgacttggttgagtactcaccagtcacagaaaagcatcttacggacggcatgacagtacgcgaattatgcagcgctgccataaccatgagtgataacacggcggccaacttacttctgacaacgatcggaggaccgaaggagcttaccgcttttttgcacaacatgggtgatcatgtaactcgccttgatcgttgggaaccggagctgaatgaagccataccaaacgacgagcgtgacaccacgatgcctgtagctatggcaacaacgttgcgcaaactcttaactggcgaacttcttactctcgcttcccggcaacaattaatagactggatggaggcggataaagttgcaggaccacttctgcgctcggcccttccggctggctggtttattgctgataaatctggagccggtgagcgtgggtcccgcggtattattgcagccctggggccagatggtaagccctcccgtatcgtagttatctacacgacggggagccaggcaactatggacgaacgtaatcgccagatcgctgagataggtgcctccctgattaagcattggtaataatactagctccggcaaaaaaacgggcaaggtgtcaccaccctgccctttttctttaaaaccgaaaagattacttcgcgtttgccacctgacgtctaagaaaaggaatattcagcaatttgcccgtgccgaagaaaggcccacccgtgaaggtgagccagtgagttgattgctacgtaattagttagttagcccttagtgactcgaattcgcggccgcttctagag,,,vector,ampicilin,,,
x,OR gate-JBEI_-GFP_intermediate_1_evan_FriFeb2016:39:42EST2015,taattcctaatttttgttgacactctatcgttgatagagttattttaccactccctatcagtgatagagaaaaTACTAGAGatgccacaccaattaacatctcaatcaaggtaaatgctttttgctttttttgcTACTAGAGtcggccggcttgtcgacgacggcggtctccgtcgtcaggatcatccgggcTACTAGAGccaggcatcaaataaaacgaaaggctcagtcgaaagactgggcctttcgttttatctgttgtttgtcggtgaacgctctctactagagtcacactggctcaccttcgggtgggcctttctgcgtttata,EX,SP,plasmid,,,pSK1A2,P7_Promoter|EX|SP|+, attB_TP901|EX|SP|+, attB_Bxb1|EX|SP|+, B0015|EX|SP|+
x,attB_Bxb1,tcggccggcttgtcgacgacggcggtctccgtcgtcaggatcatccgggc,EX,SP,plasmid,,,pSK1A2,attB_Bxb1|EX|SP|+
x,attP_TP901,aaaggagtttttttagttaccttaattgaaataaacgaaataaaaactcgc,EX,SP,plasmid,,,pSK1A2,attP_TP901|EX|SP|-
x,P7_Promoter,taattcctaatttttgttgacactctatcgttgatagagttattttaccactccctatcagtgatagagaaaa,EX,SP,plasmid,,,pSK1A2,P7_Promoter|EX|SP|+
x,attP_Bxb1,gtcggggtttgtaccgtacaccactgagaccgcggtggttgaccagacaaaccacgac,EX,SP,plasmid,,,pSK1A2,attP_Bxb1|EX|SP|-
x,B0015,ccaggcatcaaataaaacgaaaggctcagtcgaaagactgggcctttcgttttatctgttgtttgtcggtgaacgctctctactagagtcacactggctcaccttcgggtgggcctttctgcgtttata,EX,SP,plasmid,,,pSK1A2,B0015|EX|SP|+
x,Superfolder_gfp,atgcgtaaaggcgaagagctgttcactggtgtcgtccctattctggtggaactggatggtgatgtcaacggtcataagttttccgtgcgtggcgagggtgaaggtgacgcaactaatggtaaactgacgctgaagttcatctgtactactggtaaactgccggtaccttggccgactctggtaacgacgctgacttatggtgttcagtgctttgctcgttatccggaccatatgaagcagcatgacttcttcaagtccgccatgccggaaggctatgtgcaggaacgcacgatttcctttaaggatgacggcacgtacaaaacgcgtgcggaagtgaaatttgaaggcgataccctggtaaaccgcattgagctgaaaggcattgactttaaagaagacggcaatatcctgggccataagctggaatacaattttaacagccacaatgtttacatcaccgccgataaacaaaaaaatggcattaaagcgaattttaaaattcgccacaacgtggaggatggcagcgtgcagctggctgatcactaccagcaaaacactccaatcggtgatggtcctgttctgctgccagacaatcactatctgagcacgcaaagcgttctgtctaaagatccgaacgagaaacgcgatcatatggttctgctggagttcgtaaccgcagcgggcatcacgcatggtatggatgaactgtacaaatgatga,EX,SP,plasmid,,,pSK1A2,Superfolder_gfp|EX|SP|+
x,OR gate-JBEI_-GFP_intermediate_7_evan_FriFeb2016:39:42EST2015,atgcgtaaaggcgaagagctgttcactggtgtcgtccctattctggtggaactggatggtgatgtcaacggtcataagttttccgtgcgtggcgagggtgaaggtgacgcaactaatggtaaactgacgctgaagttcatctgtactactggtaaactgccggtaccttggccgactctggtaacgacgctgacttatggtgttcagtgctttgctcgttatccggaccatatgaagcagcatgacttcttcaagtccgccatgccggaaggctatgtgcaggaacgcacgatttcctttaaggatgacggcacgtacaaaacgcgtgcggaagtgaaatttgaaggcgataccctggtaaaccgcattgagctgaaaggcattgactttaaagaagacggcaatatcctgggccataagctggaatacaattttaacagccacaatgtttacatcaccgccgataaacaaaaaaatggcattaaagcgaattttaaaattcgccacaacgtggaggatggcagcgtgcagctggctgatcactaccagcaaaacactccaatcggtgatggtcctgttctgctgccagacaatcactatctgagcacgcaaagcgttctgtctaaagatccgaacgagaaacgcgatcatatggttctgctggagttcgtaaccgcagcgggcatcacgcatggtatggatgaactgtacaaatgatgaTACTAGAGccaggcatcaaataaaacgaaaggctcagtcgaaagactgggcctttcgttttatctgttgtttgtcggtgaacgctctctactagagtcacactggctcaccttcgggtgggcctttctgcgtttata,EX,SP,plasmid,,,pSK1A2,Superfolder_gfp|EX|SP|+, B0015|EX|SP|+
x,OR gate-JBEI_-GFP,,EX,SP,plasmid,,,pSK1A2,P7_Promoter|EX|SP|+, attB_TP901|EX|SP|+, attB_Bxb1|EX|SP|+, B0015|EX|SP|+, attP_Bxb1|EX|SP|-, attP_TP901|EX|SP|-, RBS?|EX|SP|+, Superfolder_gfp|EX|SP|+, B0015|EX|SP|+
x,OR gate-JBEI_-GFP_intermediate_5_evan_FriFeb2016:39:42EST2015,gtcggggtttgtaccgtacaccactgagaccgcggtggttgaccagacaaaccacgacTACTAGAGaaaggagtttttttagttaccttaattgaaataaacgaaataaaaactcgc,EX,SP,plasmid,,,pSK1A2,attP_Bxb1|EX|SP|-, attP_TP901|EX|SP|-
x,attB_TP901,atgccacaccaattaacatctcaatcaaggtaaatgctttttgctttttttgc,EX,SP,plasmid,,,pSK1A2,attB_TP901|EX|SP|+
x,OR gate-JBEI_-GFP_intermediate_3_evan_FriFeb2016:39:42EST2015,taattcctaatttttgttgacactctatcgttgatagagttattttaccactccctatcagtgatagagaaaaTACTAGAGatgccacaccaattaacatctcaatcaaggtaaatgctttttgctttttttgc,EX,SP,plasmid,,,pSK1A2,P7_Promoter|EX|SP|+, attB_TP901|EX|SP|+
x,OR gate-JBEI_-GFP_intermediate_2_evan_FriFeb2016:39:42EST2015,,EX,SP,plasmid,,,pSK1A2,attP_Bxb1|EX|SP|-, attP_TP901|EX|SP|-, RBS?|EX|SP|+, Superfolder_gfp|EX|SP|+, B0015|EX|SP|+
x,OR gate-JBEI_-GFP_intermediate_4_evan_FriFeb2016:39:42EST2015,tcggccggcttgtcgacgacggcggtctccgtcgtcaggatcatccgggcTACTAGAGccaggcatcaaataaaacgaaaggctcagtcgaaagactgggcctttcgttttatctgttgtttgtcggtgaacgctctctactagagtcacactggctcaccttcgggtgggcctttctgcgtttata,EX,SP,plasmid,,,pSK1A2,attB_Bxb1|EX|SP|+, B0015|EX|SP|+
x,OR gate-JBEI_-GFP_intermediate_6_evan_FriFeb2016:39:42EST2015,,EX,SP,plasmid,,,pSK1A2,RBS?|EX|SP|+, Superfolder_gfp|EX|SP|+, B0015|EX|SP|+
x,RBS?,,EX,SP,plasmid,,,pSK1A2,RBS?|EX|SP|+
x,pSK1A2,,EX,SP,vector,,-1,,